#CODE;ENGLISH;FRENCH;GERMAN;;SPANISH;;;;;;;;;x
W_L_1;https://en.wikipedia.org/wiki/Gengshi_Emperor;https://fr.wikipedia.org/wiki/Han_Geng_Shidi;https://de.wikipedia.org/wiki/Han_Gengshidi;;https://es.wikipedia.org/wiki/Liu_Xuan;;;;;;;;x
W_L_2;https://en.wikipedia.org/wiki/Emperor_Guangwu_of_Han;https://fr.wikipedia.org/wiki/Han_Guang_Wudi;https://de.wikipedia.org/wiki/Han_Guangwu_di;;https://es.wikipedia.org/wiki/Liu_Xiu;;;;;;;;x
W_L_3;https://en.wikipedia.org/wiki/Yin_Lihua;;https://de.wikipedia.org/wiki/Yin_Lihua;;;;;;;;;;;x
W_L_4;;;;;;;;;;;;;;x
W_L_5;;;;;;;;;;;;;;x
W_L_6;;;;;;;;;;;;;;x
W_L_7;;;;;;;;;;;;;;x
W_L_8;;;;;;;;;;;;;;x
W_L_9;;;;;;;;;;;;;;x
W_L_10;;;;;;;;;;;;;;x
W_L_11;;;;;;;;;;;;;;x
W_L_12;;;;;;;;;;;;;;x
W_L_13;;;;;;;;;;;;;;x
W_L_14;;;;;;;;;;;;;;x
W_L_15;;;;;;;;;;;;;;x
W_L_16;;;;;;;;;;;;;;x
W_L_17;;;;;;;;;;;;;;x
W_L_18;;;;;;;;;;;;;;x
W_L_19;;;;;;;;;;;;;;x
W_L_20;;;;;;;;;;;;;;x
W_L_21;;;;;;;;;;;;;;x
W_L_22;;;;;;;;;;;;;;x
W_L_23;;;;;;;;;;;;;;x
W_L_24;;;;;;;;;;;;;;x
W_L_25;;;;;;;;;;;;;;x
W_L_26;;;;;;;;;;;;;;x
W_L_27;;;;;;;;;;;;;;x
W_L_28;;;;;;;;;;;;;;x
W_L_29;;;;;;;;;;;;;;x
W_L_30;;;;;;;;;;;;;;x
W_L_31;;;;;;;;;;;;;;x
W_L_32;;;;;;;;;;;;;;x
W_L_33;;;;;;;;;;;;;;x
W_L_34;;;;;;;;;;;;;;x
W_L_35;;;;;;;;;;;;;;x
W_L_36;;;;;;;;;;;;;;x
W_L_37;;;;;;;;;;;;;;x
W_L_38;;;;;;;;;;;;;;x
W_L_39;;;;;;;;;;;;;;x
W_L_40;;;;;;;;;;;;;;x
W_L_41;;;;;;;;;;;;;;x
W_L_42;;;;;;;;;;;;;;x
W_L_43;;;;;;;;;;;;;;x
W_L_44;;;;;;;;;;;;;;x
W_L_45;;;;;;;;;;;;;;x
W_L_46;;;;;;;;;;;;;;x
W_L_47;;;;;;;;;;;;;;x
W_L_48;;;;;;;;;;;;;;x
W_L_49;;;;;;;;;;;;;;x
W_L_50;;;;;;;;;;;;;;x
W_L_51;;;;;;;;;;;;;;x
W_L_52;;;;;;;;;;;;;;x
W_L_53;;;;;;;;;;;;;;x
W_L_54;;;;;;;;;;;;;;x
W_L_55;;;;;;;;;;;;;;x
W_L_56;;;;;;;;;;;;;;x
W_L_57;;;;;;;;;;;;;;x
W_L_58;;;;;;;;;;;;;;x
W_L_59;;;;;;;;;;;;;;x
W_L_60;;;;;;;;;;;;;;x
W_L_61;;;;;;;;;;;;;;x
W_L_62;;;;;;;;;;;;;;x
W_L_63;;;;;;;;;;;;;;x
W_L_64;;;;;;;;;;;;;;x
W_L_65;;;;;;;;;;;;;;x
W_L_66;;;;;;;;;;;;;;x
W_L_67;;;;;;;;;;;;;;x
W_L_68;;;;;;;;;;;;;;x
W_L_69;;;;;;;;;;;;;;x
W_L_70;;;;;;;;;;;;;;x
W_L_71;;;;;;;;;;;;;;x
W_L_72;;;;;;;;;;;;;;x
W_L_73;;;;;;;;;;;;;;x
W_L_74;;;;;;;;;;;;;;x
W_L_75;;;;;;;;;;;;;;x
W_L_76;;;;;;;;;;;;;;x
W_L_77;;;;;;;;;;;;;;x
W_L_78;;;;;;;;;;;;;;x
W_L_79;;;;;;;;;;;;;;x
W_L_80;;;;;;;;;;;;;;x
W_L_81;;;;;;;;;;;;;;x
W_L_82;;;;;;;;;;;;;;x
W_L_83;;;;;;;;;;;;;;x
W_L_84;;;;;;;;;;;;;;x
W_L_85;;;;;;;;;;;;;;x
W_L_86;;;;;;;;;;;;;;x
W_L_87;;;;;;;;;;;;;;x
W_L_88;;;;;;;;;;;;;;x
W_L_89;;;;;;;;;;;;;;x
W_L_90;;;;;;;;;;;;;;x
W_L_91;;;;;;;;;;;;;;x
W_L_92;;;;;;;;;;;;;;x
W_L_93;;;;;;;;;;;;;;x
W_L_94;;;;;;;;;;;;;;x
W_L_95;;;;;;;;;;;;;;x
W_L_96;;;;;;;;;;;;;;x
W_L_97;;;;;;;;;;;;;;x
W_L_98;;;;;;;;;;;;;;x
W_L_99;;;;;;;;;;;;;;x
W_L_100;;;;;;;;;;;;;;x
W_L_101;;;;;;;;;;;;;;x
W_L_102;;;;;;;;;;;;;;x
W_L_103;;;;;;;;;;;;;;x
W_L_104;;;;;;;;;;;;;;x
W_L_105;;;;;;;;;;;;;;x
W_L_106;;;;;;;;;;;;;;x
W_L_107;;;;;;;;;;;;;;x
W_L_108;;;;;;;;;;;;;;x
W_L_109;;;;;;;;;;;;;;x
W_L_110;;;;;;;;;;;;;;x
W_L_111;;;;;;;;;;;;;;x
W_L_112;;;;;;;;;;;;;;x
W_L_113;;;;;;;;;;;;;;x
W_L_114;;;;;;;;;;;;;;x
W_L_115;;;;;;;;;;;;;;x
W_L_116;;;;;;;;;;;;;;x
W_L_117;;;;;;;;;;;;;;x
W_L_118;;;;;;;;;;;;;;x
W_L_119;;;;;;;;;;;;;;x
W_L_120;;;;;;;;;;;;;;x
W_L_121;;;;;;;;;;;;;;x
W_L_122;;;;;;;;;;;;;;x
W_L_123;;;;;;;;;;;;;;x
W_L_124;;;;;;;;;;;;;;x
W_L_125;;;;;;;;;;;;;;x
W_L_126;;;;;;;;;;;;;;x
W_L_127;;;;;;;;;;;;;;x
W_L_128;;;;;;;;;;;;;;x
W_L_129;;;;;;;;;;;;;;x
W_L_130;;;;;;;;;;;;;;x
W_L_131;;;;;;;;;;;;;;x
W_L_132;;;;;;;;;;;;;;x
W_L_133;;;;;;;;;;;;;;x
W_L_134;;;;;;;;;;;;;;x
W_L_135;;;;;;;;;;;;;;x
W_L_136;;;;;;;;;;;;;;x
W_L_137;;;;;;;;;;;;;;x
W_L_138;;;;;;;;;;;;;;x
W_L_139;;;;;;;;;;;;;;x
W_L_140;;;;;;;;;;;;;;x
W_L_141;;;;;;;;;;;;;;x
W_L_142;;;;;;;;;;;;;;x
W_L_143;;;;;;;;;;;;;;x
W_L_144;;;;;;;;;;;;;;x
W_L_145;;;;;;;;;;;;;;x
W_L_146;;;;;;;;;;;;;;x
W_L_147;;;;;;;;;;;;;;x
W_L_148;;;;;;;;;;;;;;x
W_L_149;;;;;;;;;;;;;;x
W_L_150;;;;;;;;;;;;;;x
W_L_151;;;;;;;;;;;;;;x
W_L_152;;;;;;;;;;;;;;x
W_L_153;;;;;;;;;;;;;;x
W_L_154;;;;;;;;;;;;;;x
W_L_155;;;;;;;;;;;;;;x
W_L_156;;;;;;;;;;;;;;x
W_L_157;;;;;;;;;;;;;;x
W_L_158;;;;;;;;;;;;;;x
W_L_159;;;;;;;;;;;;;;x
W_L_160;;;;;;;;;;;;;;x
W_L_161;;;;;;;;;;;;;;x
W_L_162;;;;;;;;;;;;;;x
W_L_163;;;;;;;;;;;;;;x
W_L_164;;;;;;;;;;;;;;x
W_L_165;;;;;;;;;;;;;;x
W_L_166;;;;;;;;;;;;;;x
W_L_167;;;;;;;;;;;;;;x
W_L_168;;;;;;;;;;;;;;x
W_L_169;;;;;;;;;;;;;;x
W_L_170;;;;;;;;;;;;;;x
W_L_171;;;;;;;;;;;;;;x
W_L_172;;;;;;;;;;;;;;x
W_L_173;;;;;;;;;;;;;;x
W_L_174;;;;;;;;;;;;;;x
W_L_175;;;;;;;;;;;;;;x
W_L_176;;;;;;;;;;;;;;x
W_L_177;;;;;;;;;;;;;;x
W_L_178;;;;;;;;;;;;;;x
W_L_179;;;;;;;;;;;;;;x
W_L_180;;;;;;;;;;;;;;x
W_L_181;;;;;;;;;;;;;;x
W_L_182;;;;;;;;;;;;;;x
W_L_183;;;;;;;;;;;;;;x
W_L_184;;;;;;;;;;;;;;x
W_L_185;;;;;;;;;;;;;;x
W_L_186;;;;;;;;;;;;;;x
W_L_187;;;;;;;;;;;;;;x
W_L_188;;;;;;;;;;;;;;x
W_L_189;;;;;;;;;;;;;;x
W_L_190;;;;;;;;;;;;;;x
W_L_191;;;;;;;;;;;;;;x
W_L_192;;;;;;;;;;;;;;x
W_L_193;;;;;;;;;;;;;;x
W_L_194;;;;;;;;;;;;;;x
W_L_195;;;;;;;;;;;;;;x
W_L_196;;;;;;;;;;;;;;x
W_L_197;;;;;;;;;;;;;;x
W_L_198;;;;;;;;;;;;;;x
W_L_199;;;;;;;;;;;;;;x
W_L_200;;;;;;;;;;;;;;x
W_L_201;;;;;;;;;;;;;;x
W_L_202;;;;;;;;;;;;;;x
W_L_203;;;;;;;;;;;;;;x
W_L_204;;;;;;;;;;;;;;x
W_L_205;;;;;;;;;;;;;;x
W_L_206;;;;;;;;;;;;;;x
W_L_207;;;;;;;;;;;;;;x
W_L_208;;;;;;;;;;;;;;x
W_L_209;;;;;;;;;;;;;;x
W_L_210;;;;;;;;;;;;;;x
W_L_211;;;;;;;;;;;;;;x
W_L_212;;;;;;;;;;;;;;x
W_L_213;;;;;;;;;;;;;;x
W_L_214;;;;;;;;;;;;;;x
W_L_215;;;;;;;;;;;;;;x
W_L_216;;;;;;;;;;;;;;x
W_L_217;;;;;;;;;;;;;;x
W_L_218;;;;;;;;;;;;;;x
W_L_219;;;;;;;;;;;;;;x
W_L_220;;;;;;;;;;;;;;x
W_L_221;;;;;;;;;;;;;;x
W_L_222;;;;;;;;;;;;;;x
W_L_223;;;;;;;;;;;;;;x
W_L_224;;;;;;;;;;;;;;x
W_L_225;;;;;;;;;;;;;;x
W_L_226;;;;;;;;;;;;;;x
W_L_227;;;;;;;;;;;;;;x
W_L_228;;;;;;;;;;;;;;x
W_L_229;;;;;;;;;;;;;;x
W_L_230;;;;;;;;;;;;;;x
W_L_231;;;;;;;;;;;;;;x
W_L_232;;;;;;;;;;;;;;x
W_L_233;;;;;;;;;;;;;;x
W_L_234;;;;;;;;;;;;;;x
W_L_235;;;;;;;;;;;;;;x
W_L_236;;;;;;;;;;;;;;x
W_L_237;;;;;;;;;;;;;;x
W_L_238;;;;;;;;;;;;;;x
W_L_239;;;;;;;;;;;;;;x
W_L_240;;;;;;;;;;;;;;x
W_L_241;;;;;;;;;;;;;;x
W_L_242;;;;;;;;;;;;;;x
W_L_243;;;;;;;;;;;;;;x
W_L_244;;;;;;;;;;;;;;x
W_L_245;;;;;;;;;;;;;;x
W_L_246;;;;;;;;;;;;;;x
W_L_247;;;;;;;;;;;;;;x
W_L_248;;;;;;;;;;;;;;x
W_L_249;;;;;;;;;;;;;;x
W_L_250;;;;;;;;;;;;;;x
W_L_251;;;;;;;;;;;;;;x
W_L_252;;;;;;;;;;;;;;x
W_L_253;;;;;;;;;;;;;;x
W_L_254;;;;;;;;;;;;;;x
W_L_255;;;;;;;;;;;;;;x
W_L_256;;;;;;;;;;;;;;x
W_L_257;;;;;;;;;;;;;;x
W_L_258;;;;;;;;;;;;;;x
W_L_259;;;;;;;;;;;;;;x
W_L_260;;;;;;;;;;;;;;x
W_L_261;;;;;;;;;;;;;;x
W_L_262;;;;;;;;;;;;;;x
W_L_263;;;;;;;;;;;;;;x
W_L_264;;;;;;;;;;;;;;x
W_L_265;;;;;;;;;;;;;;x
W_L_266;;;;;;;;;;;;;;x
W_L_267;;;;;;;;;;;;;;x
W_L_268;;;;;;;;;;;;;;x
W_L_269;;;;;;;;;;;;;;x
W_L_270;;;;;;;;;;;;;;x
W_L_271;;;;;;;;;;;;;;x
W_L_272;;;;;;;;;;;;;;x
W_L_273;;;;;;;;;;;;;;x
W_L_274;;;;;;;;;;;;;;x
W_L_275;;;;;;;;;;;;;;x
W_L_276;;;;;;;;;;;;;;x
W_L_277;;;;;;;;;;;;;;x
W_L_278;;;;;;;;;;;;;;x
W_L_279;;;;;;;;;;;;;;x
W_L_280;;;;;;;;;;;;;;x
W_L_281;;;;;;;;;;;;;;x
W_L_282;;;;;;;;;;;;;;x
W_L_283;;;;;;;;;;;;;;x
W_L_284;;;;;;;;;;;;;;x
W_L_285;;;;;;;;;;;;;;x
W_L_286;;;;;;;;;;;;;;x
W_L_287;;;;;;;;;;;;;;x
W_L_288;;;;;;;;;;;;;;x
W_L_289;;;;;;;;;;;;;;x
W_L_290;;;;;;;;;;;;;;x
W_L_291;;;;;;;;;;;;;;x
W_L_292;;;;;;;;;;;;;;x
W_L_293;;;;;;;;;;;;;;x
W_L_294;;;;;;;;;;;;;;x
W_L_295;;;;;;;;;;;;;;x
W_L_296;;;;;;;;;;;;;;x
W_L_297;;;;;;;;;;;;;;x
W_L_298;;;;;;;;;;;;;;x
W_L_299;;;;;;;;;;;;;;x
W_L_300;;;;;;;;;;;;;;x
W_L_301;;;;;;;;;;;;;;x
W_L_302;;;;;;;;;;;;;;x
W_L_303;;;;;;;;;;;;;;x
W_L_304;;;;;;;;;;;;;;x
W_L_305;;;;;;;;;;;;;;x
W_L_306;;;;;;;;;;;;;;x
W_L_307;;;;;;;;;;;;;;x
W_L_308;;;;;;;;;;;;;;x
W_L_309;;;;;;;;;;;;;;x
W_L_310;;;;;;;;;;;;;;x
W_L_311;;;;;;;;;;;;;;x
W_L_312;;;;;;;;;;;;;;x
W_L_313;;;;;;;;;;;;;;x
W_L_314;;;;;;;;;;;;;;x
W_L_315;;;;;;;;;;;;;;x
W_L_316;;;;;;;;;;;;;;x
W_L_317;;;;;;;;;;;;;;x
W_L_318;;;;;;;;;;;;;;x
W_L_319;;;;;;;;;;;;;;x
W_L_320;;;;;;;;;;;;;;x
W_L_321;;;;;;;;;;;;;;x
W_L_322;;;;;;;;;;;;;;x
W_L_323;;;;;;;;;;;;;;x
W_L_324;;;;;;;;;;;;;;x
W_L_325;;;;;;;;;;;;;;x
W_L_326;;;;;;;;;;;;;;x
W_L_327;;;;;;;;;;;;;;x
W_L_328;;;;;;;;;;;;;;x
W_L_329;;;;;;;;;;;;;;x
W_L_330;;;;;;;;;;;;;;x
W_L_331;;;;;;;;;;;;;;x
W_L_332;;;;;;;;;;;;;;x
W_L_333;;;;;;;;;;;;;;x
W_L_334;;;;;;;;;;;;;;x
W_L_335;;;;;;;;;;;;;;x
W_L_336;;;;;;;;;;;;;;x
W_L_337;;;;;;;;;;;;;;x
W_L_338;;;;;;;;;;;;;;x
W_L_339;;;;;;;;;;;;;;x
W_L_340;;;;;;;;;;;;;;x
W_L_341;;;;;;;;;;;;;;x
W_L_342;;;;;;;;;;;;;;x
W_L_343;;;;;;;;;;;;;;x
W_L_344;;;;;;;;;;;;;;x
W_L_345;;;;;;;;;;;;;;x
W_L_346;;;;;;;;;;;;;;x
W_L_347;;;;;;;;;;;;;;x
W_L_348;;;;;;;;;;;;;;x
W_L_349;;;;;;;;;;;;;;x
W_L_350;;;;;;;;;;;;;;x
W_L_351;;;;;;;;;;;;;;x
W_L_352;;;;;;;;;;;;;;x
W_L_353;;;;;;;;;;;;;;x
W_L_354;;;;;;;;;;;;;;x
W_L_355;;;;;;;;;;;;;;x
W_L_356;;;;;;;;;;;;;;x
W_L_357;;;;;;;;;;;;;;x
W_L_358;;;;;;;;;;;;;;x
W_L_359;;;;;;;;;;;;;;x
W_L_360;;;;;;;;;;;;;;x
W_L_361;;;;;;;;;;;;;;x
W_L_362;;;;;;;;;;;;;;x
W_L_363;;;;;;;;;;;;;;x
W_L_364;;;;;;;;;;;;;;x
W_L_365;;;;;;;;;;;;;;x
W_L_366;;;;;;;;;;;;;;x
W_L_367;;;;;;;;;;;;;;x
W_L_368;;;;;;;;;;;;;;x
W_L_369;;;;;;;;;;;;;;x
W_L_370;;;;;;;;;;;;;;x
W_L_371;;;;;;;;;;;;;;x
W_L_372;;;;;;;;;;;;;;x
W_L_373;;;;;;;;;;;;;;x
W_L_374;;;;;;;;;;;;;;x
W_L_375;;;;;;;;;;;;;;x
W_L_376;;;;;;;;;;;;;;x
W_L_377;;;;;;;;;;;;;;x
W_L_378;;;;;;;;;;;;;;x
W_L_379;;;;;;;;;;;;;;x
W_L_380;;;;;;;;;;;;;;x
W_L_381;;;;;;;;;;;;;;x
W_L_382;;;;;;;;;;;;;;x
W_L_383;;;;;;;;;;;;;;x
W_L_384;;;;;;;;;;;;;;x
W_L_385;;;;;;;;;;;;;;x
W_L_386;;;;;;;;;;;;;;x
W_L_387;;;;;;;;;;;;;;x
W_L_388;;;;;;;;;;;;;;x
W_L_389;;;;;;;;;;;;;;x
W_L_390;;;;;;;;;;;;;;x
W_L_391;;;;;;;;;;;;;;x
W_L_392;;;;;;;;;;;;;;x
W_L_393;;;;;;;;;;;;;;x
W_L_394;;;;;;;;;;;;;;x
W_L_395;;;;;;;;;;;;;;x
W_L_396;;;;;;;;;;;;;;x
W_L_397;;;;;;;;;;;;;;x
W_L_398;;;;;;;;;;;;;;x
W_L_399;;;;;;;;;;;;;;x
W_L_400;;;;;;;;;;;;;;x
W_L_401;;;;;;;;;;;;;;x
W_L_402;;;;;;;;;;;;;;x
W_L_403;;;;;;;;;;;;;;x
W_L_404;;;;;;;;;;;;;;x
W_L_405;;;;;;;;;;;;;;x
W_L_406;;;;;;;;;;;;;;x
W_L_407;;;;;;;;;;;;;;x
W_L_408;;;;;;;;;;;;;;x
W_L_409;;;;;;;;;;;;;;x
W_L_410;;;;;;;;;;;;;;x
W_L_411;;;;;;;;;;;;;;x
W_L_412;;;;;;;;;;;;;;x
W_L_413;;;;;;;;;;;;;;x
W_L_414;;;;;;;;;;;;;;x
W_L_415;;;;;;;;;;;;;;x
W_L_416;;;;;;;;;;;;;;x
W_L_417;;;;;;;;;;;;;;x
W_L_418;;;;;;;;;;;;;;x
W_L_419;;;;;;;;;;;;;;x
W_L_420;;;;;;;;;;;;;;x
W_L_421;;;;;;;;;;;;;;x
W_L_422;;;;;;;;;;;;;;x
W_L_423;;;;;;;;;;;;;;x
W_L_424;;;;;;;;;;;;;;x
W_L_425;;;;;;;;;;;;;;x
W_L_426;;;;;;;;;;;;;;x
W_L_427;;;;;;;;;;;;;;x
W_L_428;;;;;;;;;;;;;;x
W_L_429;;;;;;;;;;;;;;x
W_L_430;;;;;;;;;;;;;;x
W_L_431;;;;;;;;;;;;;;x
W_L_432;;;;;;;;;;;;;;x
W_L_433;;;;;;;;;;;;;;x
W_L_434;;;;;;;;;;;;;;x
W_L_435;;;;;;;;;;;;;;x
W_L_436;;;;;;;;;;;;;;x
W_L_437;;;;;;;;;;;;;;x
W_L_438;;;;;;;;;;;;;;x
W_L_439;;;;;;;;;;;;;;x
W_L_440;;;;;;;;;;;;;;x
W_L_441;;;;;;;;;;;;;;x
W_L_442;;;;;;;;;;;;;;x
W_L_443;;;;;;;;;;;;;;x
W_L_444;;;;;;;;;;;;;;x
W_L_445;;;;;;;;;;;;;;x
W_L_446;;;;;;;;;;;;;;x
W_L_447;;;;;;;;;;;;;;x
W_L_448;;;;;;;;;;;;;;x
W_L_449;;;;;;;;;;;;;;x
W_L_450;;;;;;;;;;;;;;x
W_L_451;;;;;;;;;;;;;;x
W_L_452;;;;;;;;;;;;;;x
W_L_453;;;;;;;;;;;;;;x
W_L_454;;;;;;;;;;;;;;x
W_L_455;;;;;;;;;;;;;;x
W_L_456;;;;;;;;;;;;;;x
W_L_457;;;;;;;;;;;;;;x
W_L_458;;;;;;;;;;;;;;x
W_L_459;;;;;;;;;;;;;;x
W_L_460;;;;;;;;;;;;;;x
W_L_461;;;;;;;;;;;;;;x
W_L_462;;;;;;;;;;;;;;x
W_L_463;;;;;;;;;;;;;;x
W_L_464;;;;;;;;;;;;;;x
W_L_465;;;;;;;;;;;;;;x
W_L_466;;;;;;;;;;;;;;x
W_L_467;;;;;;;;;;;;;;x
W_L_468;;;;;;;;;;;;;;x
W_L_469;;;;;;;;;;;;;;x
W_L_470;;;;;;;;;;;;;;x
W_L_471;;;;;;;;;;;;;;x
W_L_472;;;;;;;;;;;;;;x
W_L_473;;;;;;;;;;;;;;x
W_L_474;;;;;;;;;;;;;;x
W_L_475;;;;;;;;;;;;;;x
W_L_476;;;;;;;;;;;;;;x
W_L_477;;;;;;;;;;;;;;x
W_L_478;;;;;;;;;;;;;;x
W_L_479;;;;;;;;;;;;;;x
W_L_480;;;;;;;;;;;;;;x
W_L_481;;;;;;;;;;;;;;x
W_L_482;;;;;;;;;;;;;;x
W_L_483;;;;;;;;;;;;;;x
W_L_484;;;;;;;;;;;;;;x
W_L_485;;;;;;;;;;;;;;x
W_L_486;;;;;;;;;;;;;;x
W_L_487;;;;;;;;;;;;;;x
W_L_488;;;;;;;;;;;;;;x
W_L_489;;;;;;;;;;;;;;x
W_L_490;;;;;;;;;;;;;;x
W_L_491;;;;;;;;;;;;;;x
W_L_492;;;;;;;;;;;;;;x
W_L_493;;;;;;;;;;;;;;x
W_L_494;;;;;;;;;;;;;;x
W_L_495;;;;;;;;;;;;;;x
W_L_496;;;;;;;;;;;;;;x
W_L_497;;;;;;;;;;;;;;x
W_L_498;;;;;;;;;;;;;;x
W_L_499;;;;;;;;;;;;;;x
W_L_500;;;;;;;;;;;;;;x
W_L_501;;;;;;;;;;;;;;x
W_L_502;;;;;;;;;;;;;;x
W_L_503;;;;;;;;;;;;;;x
W_L_504;;;;;;;;;;;;;;x
W_L_505;;;;;;;;;;;;;;x
W_L_506;;;;;;;;;;;;;;x
W_L_507;;;;;;;;;;;;;;x
W_L_508;;;;;;;;;;;;;;x
W_L_509;;;;;;;;;;;;;;x
W_L_510;;;;;;;;;;;;;;x
W_L_511;;;;;;;;;;;;;;x
W_L_512;;;;;;;;;;;;;;x
W_L_513;;;;;;;;;;;;;;x
W_L_514;;;;;;;;;;;;;;x
W_L_515;;;;;;;;;;;;;;x
W_L_516;;;;;;;;;;;;;;x
W_L_517;;;;;;;;;;;;;;x
W_L_518;;;;;;;;;;;;;;x
W_L_519;;;;;;;;;;;;;;x
W_L_520;;;;;;;;;;;;;;x
W_L_521;;;;;;;;;;;;;;x
W_L_522;;;;;;;;;;;;;;x
W_L_523;;;;;;;;;;;;;;x
W_L_524;;;;;;;;;;;;;;x
W_L_525;;;;;;;;;;;;;;x
W_L_526;;;;;;;;;;;;;;x
W_L_527;;;;;;;;;;;;;;x
W_L_528;;;;;;;;;;;;;;x
W_L_529;;;;;;;;;;;;;;x
W_L_530;;;;;;;;;;;;;;x
W_L_531;;;;;;;;;;;;;;x
W_L_532;;;;;;;;;;;;;;x
W_L_533;;;;;;;;;;;;;;x
W_L_534;;;;;;;;;;;;;;x
W_L_535;;;;;;;;;;;;;;x
W_L_536;;;;;;;;;;;;;;x
W_L_537;;;;;;;;;;;;;;x
W_L_538;;;;;;;;;;;;;;x
W_L_539;;;;;;;;;;;;;;x
W_L_540;;;;;;;;;;;;;;x
W_L_541;;;;;;;;;;;;;;x
W_L_542;;;;;;;;;;;;;;x
W_L_543;;;;;;;;;;;;;;x
W_L_544;;;;;;;;;;;;;;x
W_L_545;;;;;;;;;;;;;;x
W_L_546;;;;;;;;;;;;;;x
W_L_547;;;;;;;;;;;;;;x
W_L_548;;;;;;;;;;;;;;x
W_L_549;;;;;;;;;;;;;;x
W_L_550;;;;;;;;;;;;;;x
W_L_551;;;;;;;;;;;;;;x
W_L_552;;;;;;;;;;;;;;x
W_L_553;;;;;;;;;;;;;;x
W_L_554;;;;;;;;;;;;;;x
W_L_555;;;;;;;;;;;;;;x
W_L_556;;;;;;;;;;;;;;x
W_L_557;;;;;;;;;;;;;;x
W_L_558;;;;;;;;;;;;;;x
W_L_559;;;;;;;;;;;;;;x
W_L_560;;;;;;;;;;;;;;x
W_L_561;;;;;;;;;;;;;;x
W_L_562;;;;;;;;;;;;;;x
W_L_563;;;;;;;;;;;;;;x
W_L_564;;;;;;;;;;;;;;x
W_L_565;;;;;;;;;;;;;;x
W_L_566;;;;;;;;;;;;;;x
W_L_567;;;;;;;;;;;;;;x
W_L_568;;;;;;;;;;;;;;x
W_L_569;;;;;;;;;;;;;;x
W_L_570;;;;;;;;;;;;;;x
W_L_571;;;;;;;;;;;;;;x
W_L_572;;;;;;;;;;;;;;x
W_L_573;;;;;;;;;;;;;;x
W_L_574;;;;;;;;;;;;;;x
W_L_575;;;;;;;;;;;;;;x
W_L_576;;;;;;;;;;;;;;x
W_L_577;;;;;;;;;;;;;;x
W_L_578;;;;;;;;;;;;;;x
W_L_579;;;;;;;;;;;;;;x
W_L_580;;;;;;;;;;;;;;x
W_L_581;;;;;;;;;;;;;;x
W_L_582;;;;;;;;;;;;;;x
W_L_583;;;;;;;;;;;;;;x
W_L_584;;;;;;;;;;;;;;x
W_L_585;;;;;;;;;;;;;;x
W_L_586;;;;;;;;;;;;;;x
W_L_587;;;;;;;;;;;;;;x
W_L_588;;;;;;;;;;;;;;x
W_L_589;;;;;;;;;;;;;;x
W_L_590;;;;;;;;;;;;;;x
W_L_591;;;;;;;;;;;;;;x
W_L_592;;;;;;;;;;;;;;x
W_L_593;;;;;;;;;;;;;;x
W_L_594;;;;;;;;;;;;;;x
W_L_595;;;;;;;;;;;;;;x
W_L_596;;;;;;;;;;;;;;x
W_L_597;;;;;;;;;;;;;;x
W_L_598;;;;;;;;;;;;;;x
W_L_599;;;;;;;;;;;;;;x
W_L_600;;;;;;;;;;;;;;x
W_L_601;;;;;;;;;;;;;;x
W_L_602;;;;;;;;;;;;;;x
W_L_603;;;;;;;;;;;;;;x
W_L_604;;;;;;;;;;;;;;x
W_L_605;;;;;;;;;;;;;;x
W_L_606;;;;;;;;;;;;;;x
W_L_607;;;;;;;;;;;;;;x
W_L_608;;;;;;;;;;;;;;x
W_L_609;;;;;;;;;;;;;;x
W_L_610;;;;;;;;;;;;;;x
W_L_611;;;;;;;;;;;;;;x
W_L_612;;;;;;;;;;;;;;x
W_L_613;;;;;;;;;;;;;;x
W_L_614;;;;;;;;;;;;;;x
W_L_615;;;;;;;;;;;;;;x
W_L_616;;;;;;;;;;;;;;x
W_L_617;;;;;;;;;;;;;;x
W_L_618;;;;;;;;;;;;;;x
W_L_619;;;;;;;;;;;;;;x
W_L_620;;;;;;;;;;;;;;x
W_L_621;;;;;;;;;;;;;;x
W_L_622;;;;;;;;;;;;;;x
W_L_623;;;;;;;;;;;;;;x
W_L_624;;;;;;;;;;;;;;x
W_L_625;;;;;;;;;;;;;;x
W_L_626;;;;;;;;;;;;;;x
W_L_627;;;;;;;;;;;;;;x
W_L_628;;;;;;;;;;;;;;x
W_L_629;;;;;;;;;;;;;;x
W_L_630;;;;;;;;;;;;;;x
W_L_631;;;;;;;;;;;;;;x
W_L_632;;;;;;;;;;;;;;x
W_L_633;;;;;;;;;;;;;;x
W_L_634;;;;;;;;;;;;;;x
W_L_635;;;;;;;;;;;;;;x
W_L_636;;;;;;;;;;;;;;x
W_L_637;;;;;;;;;;;;;;x
W_L_638;;;;;;;;;;;;;;x
W_L_639;;;;;;;;;;;;;;x
W_L_640;;;;;;;;;;;;;;x
W_L_641;;;;;;;;;;;;;;x
W_L_642;;;;;;;;;;;;;;x
W_L_643;;;;;;;;;;;;;;x
W_L_644;;;;;;;;;;;;;;x
W_L_645;;;;;;;;;;;;;;x
W_L_646;;;;;;;;;;;;;;x
W_L_647;;;;;;;;;;;;;;x
W_L_648;;;;;;;;;;;;;;x
W_L_649;;;;;;;;;;;;;;x
W_L_650;;;;;;;;;;;;;;x
W_L_651;;;;;;;;;;;;;;x
W_L_652;;;;;;;;;;;;;;x
W_L_653;;;;;;;;;;;;;;x
W_L_654;;;;;;;;;;;;;;x
W_L_655;;;;;;;;;;;;;;x
W_L_656;;;;;;;;;;;;;;x
W_L_657;;;;;;;;;;;;;;x
W_L_658;;;;;;;;;;;;;;x
W_L_659;;;;;;;;;;;;;;x
W_L_660;;;;;;;;;;;;;;x
W_L_661;;;;;;;;;;;;;;x
W_L_662;;;;;;;;;;;;;;x
W_L_663;;;;;;;;;;;;;;x
W_L_664;;;;;;;;;;;;;;x
W_L_665;;;;;;;;;;;;;;x
W_L_666;;;;;;;;;;;;;;x
W_L_667;;;;;;;;;;;;;;x
W_L_668;;;;;;;;;;;;;;x
W_L_669;;;;;;;;;;;;;;x
W_L_670;;;;;;;;;;;;;;x
W_L_671;;;;;;;;;;;;;;x
W_L_672;;;;;;;;;;;;;;x
W_L_673;;;;;;;;;;;;;;x
W_L_674;;;;;;;;;;;;;;x
W_L_675;;;;;;;;;;;;;;x
W_L_676;;;;;;;;;;;;;;x
W_L_677;;;;;;;;;;;;;;x
W_L_678;;;;;;;;;;;;;;x
W_L_679;;;;;;;;;;;;;;x
W_L_680;;;;;;;;;;;;;;x
W_L_681;;;;;;;;;;;;;;x
W_L_682;;;;;;;;;;;;;;x
W_L_683;;;;;;;;;;;;;;x
W_L_684;;;;;;;;;;;;;;x
W_L_685;;;;;;;;;;;;;;x
W_L_686;;;;;;;;;;;;;;x
W_L_687;;;;;;;;;;;;;;x
W_L_688;;;;;;;;;;;;;;x
W_L_689;;;;;;;;;;;;;;x
W_L_690;;;;;;;;;;;;;;x
W_L_691;;;;;;;;;;;;;;x
W_L_692;;;;;;;;;;;;;;x
W_L_693;;;;;;;;;;;;;;x
W_L_694;;;;;;;;;;;;;;x
W_L_695;;;;;;;;;;;;;;x
W_L_696;;;;;;;;;;;;;;x
W_L_697;;;;;;;;;;;;;;x
W_L_698;;;;;;;;;;;;;;x
W_L_699;;;;;;;;;;;;;;x
W_L_700;;;;;;;;;;;;;;x
W_L_701;;;;;;;;;;;;;;x
W_L_702;;;;;;;;;;;;;;x
W_L_703;;;;;;;;;;;;;;x
W_L_704;;;;;;;;;;;;;;x
W_L_705;;;;;;;;;;;;;;x
W_L_706;;;;;;;;;;;;;;x
W_L_707;;;;;;;;;;;;;;x
W_L_708;;;;;;;;;;;;;;x
W_L_709;;;;;;;;;;;;;;x
W_L_710;;;;;;;;;;;;;;x
W_L_711;;;;;;;;;;;;;;x
W_L_712;;;;;;;;;;;;;;x
W_L_713;;;;;;;;;;;;;;x
W_L_714;;;;;;;;;;;;;;x
W_L_715;;;;;;;;;;;;;;x
W_L_716;;;;;;;;;;;;;;x
W_L_717;;;;;;;;;;;;;;x
W_L_718;;;;;;;;;;;;;;x
W_L_719;;;;;;;;;;;;;;x
W_L_720;;;;;;;;;;;;;;x
W_L_721;;;;;;;;;;;;;;x
W_L_722;;;;;;;;;;;;;;x
W_L_723;;;;;;;;;;;;;;x
W_L_724;;;;;;;;;;;;;;x
W_L_725;;;;;;;;;;;;;;x
W_L_726;;;;;;;;;;;;;;x
W_L_727;;;;;;;;;;;;;;x
W_L_728;;;;;;;;;;;;;;x
W_L_729;;;;;;;;;;;;;;x
W_L_730;;;;;;;;;;;;;;x
W_L_731;;;;;;;;;;;;;;x
W_L_732;;;;;;;;;;;;;;x
W_L_733;;;;;;;;;;;;;;x
W_L_734;;;;;;;;;;;;;;x
W_L_735;;;;;;;;;;;;;;x
W_L_736;;;;;;;;;;;;;;x
W_L_737;;;;;;;;;;;;;;x
W_L_738;;;;;;;;;;;;;;x
W_L_739;;;;;;;;;;;;;;x
W_L_740;;;;;;;;;;;;;;x
W_L_741;;;;;;;;;;;;;;x
W_L_742;;;;;;;;;;;;;;x
W_L_743;;;;;;;;;;;;;;x
W_L_744;;;;;;;;;;;;;;x
W_L_745;;;;;;;;;;;;;;x
W_L_746;;;;;;;;;;;;;;x
W_L_747;;;;;;;;;;;;;;x
W_L_748;;;;;;;;;;;;;;x
W_L_749;;;;;;;;;;;;;;x
W_L_750;;;;;;;;;;;;;;x
W_L_751;;;;;;;;;;;;;;x
W_L_752;;;;;;;;;;;;;;x
W_L_753;;;;;;;;;;;;;;x
W_L_754;;;;;;;;;;;;;;x
W_L_755;;;;;;;;;;;;;;x
W_L_756;;;;;;;;;;;;;;x
W_L_757;;;;;;;;;;;;;;x
W_L_758;;;;;;;;;;;;;;x
W_L_759;;;;;;;;;;;;;;x
W_L_760;;;;;;;;;;;;;;x
W_L_761;;;;;;;;;;;;;;x
W_L_762;;;;;;;;;;;;;;x
W_L_763;;;;;;;;;;;;;;x
W_L_764;;;;;;;;;;;;;;x
W_L_765;;;;;;;;;;;;;;x
W_L_766;;;;;;;;;;;;;;x
W_L_767;;;;;;;;;;;;;;x
W_L_768;;;;;;;;;;;;;;x
W_L_769;;;;;;;;;;;;;;x
W_L_770;;;;;;;;;;;;;;x
W_L_771;;;;;;;;;;;;;;x
W_L_772;;;;;;;;;;;;;;x
W_L_773;;;;;;;;;;;;;;x
W_L_774;;;;;;;;;;;;;;x
W_L_775;;;;;;;;;;;;;;x
W_L_776;;;;;;;;;;;;;;x
W_L_777;;;;;;;;;;;;;;x
W_L_778;;;;;;;;;;;;;;x
W_L_779;;;;;;;;;;;;;;x
W_L_780;;;;;;;;;;;;;;x
W_L_781;;;;;;;;;;;;;;x
W_L_782;;;;;;;;;;;;;;x
W_L_783;;;;;;;;;;;;;;x
W_L_784;;;;;;;;;;;;;;x
W_L_785;;;;;;;;;;;;;;x
W_L_786;;;;;;;;;;;;;;x
W_L_787;;;;;;;;;;;;;;x
W_L_788;;;;;;;;;;;;;;x
W_L_789;;;;;;;;;;;;;;x
W_L_790;;;;;;;;;;;;;;x
W_L_791;;;;;;;;;;;;;;x
W_L_792;;;;;;;;;;;;;;x
W_L_793;;;;;;;;;;;;;;x
W_L_794;;;;;;;;;;;;;;x
W_L_795;;;;;;;;;;;;;;x
W_L_796;;;;;;;;;;;;;;x
W_L_797;;;;;;;;;;;;;;x
W_L_798;;;;;;;;;;;;;;x
W_L_799;;;;;;;;;;;;;;x
W_L_800;;;;;;;;;;;;;;x
W_L_801;;;;;;;;;;;;;;x
W_L_802;;;;;;;;;;;;;;x
W_L_803;;;;;;;;;;;;;;x
W_L_804;;;;;;;;;;;;;;x
W_L_805;;;;;;;;;;;;;;x
W_L_806;;;;;;;;;;;;;;x
W_L_807;;;;;;;;;;;;;;x
W_L_808;;;;;;;;;;;;;;x
W_L_809;;;;;;;;;;;;;;x
W_L_810;;;;;;;;;;;;;;x
W_L_811;;;;;;;;;;;;;;x
W_L_812;;;;;;;;;;;;;;x
W_L_813;;;;;;;;;;;;;;x
W_L_814;;;;;;;;;;;;;;x
W_L_815;;;;;;;;;;;;;;x
W_L_816;;;;;;;;;;;;;;x
W_L_817;;;;;;;;;;;;;;x
W_L_818;;;;;;;;;;;;;;x
W_L_819;;;;;;;;;;;;;;x
W_L_820;;;;;;;;;;;;;;x
W_L_821;;;;;;;;;;;;;;x
W_L_822;;;;;;;;;;;;;;x
W_L_823;;;;;;;;;;;;;;x
W_L_824;;;;;;;;;;;;;;x
W_L_825;;;;;;;;;;;;;;x
W_L_826;;;;;;;;;;;;;;x
W_L_827;;;;;;;;;;;;;;x
W_L_828;;;;;;;;;;;;;;x
W_L_829;;;;;;;;;;;;;;x
W_L_830;;;;;;;;;;;;;;x
W_L_831;;;;;;;;;;;;;;x
W_L_832;;;;;;;;;;;;;;x
W_L_833;;;;;;;;;;;;;;x
W_L_834;;;;;;;;;;;;;;x
W_L_835;;;;;;;;;;;;;;x
W_L_836;;;;;;;;;;;;;;x
W_L_837;;;;;;;;;;;;;;x
W_L_838;;;;;;;;;;;;;;x
W_L_839;;;;;;;;;;;;;;x
W_L_840;;;;;;;;;;;;;;x
W_L_841;;;;;;;;;;;;;;x
W_L_842;;;;;;;;;;;;;;x
W_L_843;;;;;;;;;;;;;;x
W_L_844;;;;;;;;;;;;;;x
W_L_845;;;;;;;;;;;;;;x
W_L_846;;;;;;;;;;;;;;x
W_L_847;;;;;;;;;;;;;;x
W_L_848;;;;;;;;;;;;;;x
W_L_849;;;;;;;;;;;;;;x
W_L_850;;;;;;;;;;;;;;x
W_L_851;;;;;;;;;;;;;;x
W_L_852;;;;;;;;;;;;;;x
W_L_853;;;;;;;;;;;;;;x
W_L_854;;;;;;;;;;;;;;x
W_L_855;;;;;;;;;;;;;;x
W_L_856;;;;;;;;;;;;;;x
W_L_857;;;;;;;;;;;;;;x
W_L_858;;;;;;;;;;;;;;x
W_L_859;;;;;;;;;;;;;;x
W_L_860;;;;;;;;;;;;;;x
W_L_861;;;;;;;;;;;;;;x
W_L_862;;;;;;;;;;;;;;x
W_L_863;;;;;;;;;;;;;;x
W_L_864;;;;;;;;;;;;;;x
W_L_865;;;;;;;;;;;;;;x
W_L_866;;;;;;;;;;;;;;x
W_L_867;;;;;;;;;;;;;;x
W_L_868;;;;;;;;;;;;;;x
W_L_869;;;;;;;;;;;;;;x
W_L_870;;;;;;;;;;;;;;x
W_L_871;;;;;;;;;;;;;;x
W_L_872;;;;;;;;;;;;;;x
W_L_873;;;;;;;;;;;;;;x
W_L_874;;;;;;;;;;;;;;x
W_L_875;;;;;;;;;;;;;;x
W_L_876;;;;;;;;;;;;;;x
W_L_877;;;;;;;;;;;;;;x
W_L_878;;;;;;;;;;;;;;x
W_L_879;;;;;;;;;;;;;;x
W_L_880;;;;;;;;;;;;;;x
W_L_881;;;;;;;;;;;;;;x
W_L_882;;;;;;;;;;;;;;x
W_L_883;;;;;;;;;;;;;;x
W_L_884;;;;;;;;;;;;;;x
W_L_885;;;;;;;;;;;;;;x
W_L_886;;;;;;;;;;;;;;x
W_L_887;;;;;;;;;;;;;;x
W_L_888;;;;;;;;;;;;;;x
W_L_889;;;;;;;;;;;;;;x
W_L_890;;;;;;;;;;;;;;x
W_L_891;;;;;;;;;;;;;;x
W_L_892;;;;;;;;;;;;;;x
W_L_893;;;;;;;;;;;;;;x
W_L_894;;;;;;;;;;;;;;x
W_L_895;;;;;;;;;;;;;;x
W_L_896;;;;;;;;;;;;;;x
W_L_897;;;;;;;;;;;;;;x
W_L_898;;;;;;;;;;;;;;x
W_L_899;;;;;;;;;;;;;;x
W_L_900;;;;;;;;;;;;;;x
W_L_901;;;;;;;;;;;;;;x
W_L_902;;;;;;;;;;;;;;x
W_L_903;;;;;;;;;;;;;;x
W_L_904;;;;;;;;;;;;;;x
W_L_905;;;;;;;;;;;;;;x
W_L_906;;;;;;;;;;;;;;x
W_L_907;;;;;;;;;;;;;;x
W_L_908;;;;;;;;;;;;;;x
W_L_909;;;;;;;;;;;;;;x
W_L_910;;;;;;;;;;;;;;x
W_L_911;;;;;;;;;;;;;;x
W_L_912;;;;;;;;;;;;;;x
W_L_913;;;;;;;;;;;;;;x
W_L_914;;;;;;;;;;;;;;x
W_L_915;;;;;;;;;;;;;;x
W_L_916;;;;;;;;;;;;;;x
W_L_917;;;;;;;;;;;;;;x
W_L_918;;;;;;;;;;;;;;x
W_L_919;;;;;;;;;;;;;;x
W_L_920;;;;;;;;;;;;;;x
W_L_921;;;;;;;;;;;;;;x
W_L_922;;;;;;;;;;;;;;x
W_L_923;;;;;;;;;;;;;;x
W_L_924;;;;;;;;;;;;;;x
W_L_925;;;;;;;;;;;;;;x
W_L_926;;;;;;;;;;;;;;x
W_L_927;;;;;;;;;;;;;;x
W_L_928;;;;;;;;;;;;;;x
W_L_929;;;;;;;;;;;;;;x
W_L_930;;;;;;;;;;;;;;x
W_L_931;;;;;;;;;;;;;;x
W_L_932;;;;;;;;;;;;;;x
W_L_933;;;;;;;;;;;;;;x
W_L_934;;;;;;;;;;;;;;x
W_L_935;;;;;;;;;;;;;;x
W_L_936;;;;;;;;;;;;;;x
W_L_937;;;;;;;;;;;;;;x
W_L_938;;;;;;;;;;;;;;x
W_L_939;;;;;;;;;;;;;;x
W_L_940;;;;;;;;;;;;;;x
W_L_941;;;;;;;;;;;;;;x
W_L_942;;;;;;;;;;;;;;x
W_L_943;;;;;;;;;;;;;;x
W_L_944;;;;;;;;;;;;;;x
W_L_945;;;;;;;;;;;;;;x
W_L_946;;;;;;;;;;;;;;x
W_L_947;;;;;;;;;;;;;;x
W_L_948;;;;;;;;;;;;;;x
W_L_949;;;;;;;;;;;;;;x
W_L_950;;;;;;;;;;;;;;x
W_L_951;;;;;;;;;;;;;;x
W_L_952;;;;;;;;;;;;;;x
W_L_953;;;;;;;;;;;;;;x
W_L_954;;;;;;;;;;;;;;x
W_L_955;;;;;;;;;;;;;;x
W_L_956;;;;;;;;;;;;;;x
W_L_957;;;;;;;;;;;;;;x
W_L_958;;;;;;;;;;;;;;x
W_L_959;;;;;;;;;;;;;;x
W_L_960;;;;;;;;;;;;;;x
W_L_961;;;;;;;;;;;;;;x
W_L_962;;;;;;;;;;;;;;x
W_L_963;;;;;;;;;;;;;;x
W_L_964;;;;;;;;;;;;;;x
W_L_965;;;;;;;;;;;;;;x
W_L_966;;;;;;;;;;;;;;x
W_L_967;;;;;;;;;;;;;;x
W_L_968;;;;;;;;;;;;;;x
W_L_969;;;;;;;;;;;;;;x
W_L_970;;;;;;;;;;;;;;x
W_L_971;;;;;;;;;;;;;;x
W_L_972;;;;;;;;;;;;;;x
W_L_973;;;;;;;;;;;;;;x
W_L_974;;;;;;;;;;;;;;x
W_L_975;;;;;;;;;;;;;;x
W_L_976;;;;;;;;;;;;;;x
W_L_977;;;;;;;;;;;;;;x
W_L_978;;;;;;;;;;;;;;x
W_L_979;;;;;;;;;;;;;;x
W_L_980;;;;;;;;;;;;;;x
W_L_981;;;;;;;;;;;;;;x
W_L_982;;;;;;;;;;;;;;x
W_L_983;;;;;;;;;;;;;;x
W_L_984;;;;;;;;;;;;;;x
W_L_985;;;;;;;;;;;;;;x
W_L_986;;;;;;;;;;;;;;x
W_L_987;;;;;;;;;;;;;;x
W_L_988;;;;;;;;;;;;;;x
W_L_989;;;;;;;;;;;;;;x
W_L_990;;;;;;;;;;;;;;x
W_L_991;;;;;;;;;;;;;;x
W_L_992;;;;;;;;;;;;;;x
W_L_993;;;;;;;;;;;;;;x
W_L_994;;;;;;;;;;;;;;x
W_L_995;;;;;;;;;;;;;;x
W_L_996;;;;;;;;;;;;;;x
W_L_997;;;;;;;;;;;;;;x
W_L_998;;;;;;;;;;;;;;x
W_L_999;;;;;;;;;;;;;;x
W_L_1000;;;;;;;;;;;;;;x
W_L_1001;;;;;;;;;;;;;;x
W_L_1002;;;;;;;;;;;;;;x
W_L_1003;;;;;;;;;;;;;;x
W_L_1004;;;;;;;;;;;;;;x
W_L_1005;;;;;;;;;;;;;;x
W_L_1006;;;;;;;;;;;;;;x
W_L_1007;;;;;;;;;;;;;;x
W_L_1008;;;;;;;;;;;;;;x
W_L_1009;;;;;;;;;;;;;;x
W_L_1010;;;;;;;;;;;;;;x
W_L_1011;;;;;;;;;;;;;;x
W_L_1012;;;;;;;;;;;;;;x
W_L_1013;;;;;;;;;;;;;;x
W_L_1014;;;;;;;;;;;;;;x
W_L_1015;;;;;;;;;;;;;;x
W_L_1016;;;;;;;;;;;;;;x
W_L_1017;;;;;;;;;;;;;;x
W_L_1018;;;;;;;;;;;;;;x
W_L_1019;;;;;;;;;;;;;;x
W_L_1020;;;;;;;;;;;;;;x
W_L_1021;;;;;;;;;;;;;;x
W_L_1022;;;;;;;;;;;;;;x
W_L_1023;;;;;;;;;;;;;;x
W_L_1024;;;;;;;;;;;;;;x
W_L_1025;;;;;;;;;;;;;;x
W_L_1026;;;;;;;;;;;;;;x
W_L_1027;;;;;;;;;;;;;;x
W_L_1028;;;;;;;;;;;;;;x
W_L_1029;;;;;;;;;;;;;;x
W_L_1030;;;;;;;;;;;;;;x
W_L_1031;;;;;;;;;;;;;;x
W_L_1032;;;;;;;;;;;;;;x
W_L_1033;;;;;;;;;;;;;;x
W_L_1034;;;;;;;;;;;;;;x
W_L_1035;;;;;;;;;;;;;;x
W_L_1036;;;;;;;;;;;;;;x
W_L_1037;;;;;;;;;;;;;;x
W_L_1038;;;;;;;;;;;;;;x
W_L_1039;;;;;;;;;;;;;;x
W_L_1040;;;;;;;;;;;;;;x
W_L_1041;;;;;;;;;;;;;;x
W_L_1042;;;;;;;;;;;;;;x
W_L_1043;;;;;;;;;;;;;;x
W_L_1044;;;;;;;;;;;;;;x
W_L_1045;;;;;;;;;;;;;;x
W_L_1046;;;;;;;;;;;;;;x
W_L_1047;;;;;;;;;;;;;;x
W_L_1048;;;;;;;;;;;;;;x
W_L_1049;;;;;;;;;;;;;;x
W_L_1050;;;;;;;;;;;;;;x
W_L_1051;;;;;;;;;;;;;;x
W_L_1052;;;;;;;;;;;;;;x
W_L_1053;;;;;;;;;;;;;;x
W_L_1054;;;;;;;;;;;;;;x
W_L_1055;;;;;;;;;;;;;;x
W_L_1056;;;;;;;;;;;;;;x
W_L_1057;;;;;;;;;;;;;;x
W_L_1058;;;;;;;;;;;;;;x
W_L_1059;;;;;;;;;;;;;;x
W_L_1060;;;;;;;;;;;;;;x
W_L_1061;;;;;;;;;;;;;;x
W_L_1062;;;;;;;;;;;;;;x
W_L_1063;;;;;;;;;;;;;;x
W_L_1064;;;;;;;;;;;;;;x
W_L_1065;;;;;;;;;;;;;;x
W_L_1066;;;;;;;;;;;;;;x
W_L_1067;;;;;;;;;;;;;;x
W_L_1068;;;;;;;;;;;;;;x
W_L_1069;;;;;;;;;;;;;;x
W_L_1070;;;;;;;;;;;;;;x
W_L_1071;;;;;;;;;;;;;;x
W_L_1072;;;;;;;;;;;;;;x
W_L_1073;;;;;;;;;;;;;;x
W_L_1074;;;;;;;;;;;;;;x
W_L_1075;;;;;;;;;;;;;;x
W_L_1076;;;;;;;;;;;;;;x
W_L_1077;;;;;;;;;;;;;;x
W_L_1078;;;;;;;;;;;;;;x
W_L_1079;;;;;;;;;;;;;;x
W_L_1080;;;;;;;;;;;;;;x
W_L_1081;;;;;;;;;;;;;;x
W_L_1082;;;;;;;;;;;;;;x
W_L_1083;;;;;;;;;;;;;;x
W_L_1084;;;;;;;;;;;;;;x
W_L_1085;;;;;;;;;;;;;;x
W_L_1086;;;;;;;;;;;;;;x
W_L_1087;;;;;;;;;;;;;;x
W_L_1088;;;;;;;;;;;;;;x
W_L_1089;;;;;;;;;;;;;;x
W_L_1090;;;;;;;;;;;;;;x
W_L_1091;;;;;;;;;;;;;;x
W_L_1092;;;;;;;;;;;;;;x
W_L_1093;;;;;;;;;;;;;;x
W_L_1094;;;;;;;;;;;;;;x
W_L_1095;;;;;;;;;;;;;;x
W_L_1096;;;;;;;;;;;;;;x
W_L_1097;;;;;;;;;;;;;;x
W_L_1098;;;;;;;;;;;;;;x
W_L_1099;;;;;;;;;;;;;;x
W_L_1100;;;;;;;;;;;;;;x
W_L_1101;;;;;;;;;;;;;;x
W_L_1102;;;;;;;;;;;;;;x
W_L_1103;;;;;;;;;;;;;;x
W_L_1104;;;;;;;;;;;;;;x
W_L_1105;;;;;;;;;;;;;;x
W_L_1106;;;;;;;;;;;;;;x
W_L_1107;;;;;;;;;;;;;;x
W_L_1108;;;;;;;;;;;;;;x
W_L_1109;;;;;;;;;;;;;;x
W_L_1110;;;;;;;;;;;;;;x
W_L_1111;;;;;;;;;;;;;;x
W_L_1112;;;;;;;;;;;;;;x
W_L_1113;;;;;;;;;;;;;;x
W_L_1114;;;;;;;;;;;;;;x
W_L_1115;;;;;;;;;;;;;;x
W_L_1116;;;;;;;;;;;;;;x
W_L_1117;;;;;;;;;;;;;;x
W_L_1118;;;;;;;;;;;;;;x
W_L_1119;;;;;;;;;;;;;;x
W_L_1120;;;;;;;;;;;;;;x
W_L_1121;;;;;;;;;;;;;;x
W_L_1122;;;;;;;;;;;;;;x
W_L_1123;;;;;;;;;;;;;;x
W_L_1124;;;;;;;;;;;;;;x
W_L_1125;;;;;;;;;;;;;;x
W_L_1126;;;;;;;;;;;;;;x
W_L_1127;;;;;;;;;;;;;;x
W_L_1128;;;;;;;;;;;;;;x
W_L_1129;;;;;;;;;;;;;;x
W_L_1130;;;;;;;;;;;;;;x
W_L_1131;;;;;;;;;;;;;;x
W_L_1132;;;;;;;;;;;;;;x
W_L_1133;;;;;;;;;;;;;;x
W_L_1134;;;;;;;;;;;;;;x
W_L_1135;;;;;;;;;;;;;;x
W_L_1136;;;;;;;;;;;;;;x
W_L_1137;;;;;;;;;;;;;;x
W_L_1138;;;;;;;;;;;;;;x
W_L_1139;;;;;;;;;;;;;;x
W_L_1140;;;;;;;;;;;;;;x
W_L_1141;;;;;;;;;;;;;;x
W_L_1142;;;;;;;;;;;;;;x
W_L_1143;;;;;;;;;;;;;;x
W_L_1144;;;;;;;;;;;;;;x
W_L_1145;;;;;;;;;;;;;;x
W_L_1146;;;;;;;;;;;;;;x
W_L_1147;;;;;;;;;;;;;;x
W_L_1148;;;;;;;;;;;;;;x
W_L_1149;;;;;;;;;;;;;;x
W_L_1150;;;;;;;;;;;;;;x
W_L_1151;;;;;;;;;;;;;;x
W_L_1152;;;;;;;;;;;;;;x
W_L_1153;;;;;;;;;;;;;;x
W_L_1154;;;;;;;;;;;;;;x
W_L_1155;;;;;;;;;;;;;;x
W_L_1156;;;;;;;;;;;;;;x
W_L_1157;;;;;;;;;;;;;;x
W_L_1158;;;;;;;;;;;;;;x
W_L_1159;;;;;;;;;;;;;;x
W_L_1160;;;;;;;;;;;;;;x
W_L_1161;;;;;;;;;;;;;;x
W_L_1162;;;;;;;;;;;;;;x
W_L_1163;;;;;;;;;;;;;;x
W_L_1164;;;;;;;;;;;;;;x
W_L_1165;;;;;;;;;;;;;;x
W_L_1166;;;;;;;;;;;;;;x
W_L_1167;;;;;;;;;;;;;;x
W_L_1168;;;;;;;;;;;;;;x
W_L_1169;;;;;;;;;;;;;;x
W_L_1170;;;;;;;;;;;;;;x
W_L_1171;;;;;;;;;;;;;;x
W_L_1172;;;;;;;;;;;;;;x
W_L_1173;;;;;;;;;;;;;;x
W_L_1174;;;;;;;;;;;;;;x
W_L_1175;;;;;;;;;;;;;;x
W_L_1176;;;;;;;;;;;;;;x
W_L_1177;;;;;;;;;;;;;;x
W_L_1178;;;;;;;;;;;;;;x
W_L_1179;;;;;;;;;;;;;;x
W_L_1180;;;;;;;;;;;;;;x
W_L_1181;;;;;;;;;;;;;;x
W_L_1182;;;;;;;;;;;;;;x
W_L_1183;;;;;;;;;;;;;;x
W_L_1184;;;;;;;;;;;;;;x
W_L_1185;;;;;;;;;;;;;;x
W_L_1186;;;;;;;;;;;;;;x
W_L_1187;;;;;;;;;;;;;;x
W_L_1188;;;;;;;;;;;;;;x
W_L_1189;;;;;;;;;;;;;;x
W_L_1190;;;;;;;;;;;;;;x
W_L_1191;;;;;;;;;;;;;;x
W_L_1192;;;;;;;;;;;;;;x
W_L_1193;;;;;;;;;;;;;;x
W_L_1194;;;;;;;;;;;;;;x
W_L_1195;;;;;;;;;;;;;;x
W_L_1196;;;;;;;;;;;;;;x
W_L_1197;;;;;;;;;;;;;;x
W_L_1198;;;;;;;;;;;;;;x
W_L_1199;;;;;;;;;;;;;;x
W_L_1200;;;;;;;;;;;;;;x
W_L_1201;;;;;;;;;;;;;;x
W_L_1202;;;;;;;;;;;;;;x
W_L_1203;;;;;;;;;;;;;;x
W_L_1204;;;;;;;;;;;;;;x
W_L_1205;;;;;;;;;;;;;;x
W_L_1206;;;;;;;;;;;;;;x
W_L_1207;;;;;;;;;;;;;;x
W_L_1208;;;;;;;;;;;;;;x
W_L_1209;;;;;;;;;;;;;;x
W_L_1210;;;;;;;;;;;;;;x
W_L_1211;;;;;;;;;;;;;;x
W_L_1212;;;;;;;;;;;;;;x
W_L_1213;;;;;;;;;;;;;;x
W_L_1214;;;;;;;;;;;;;;x
W_L_1215;;;;;;;;;;;;;;x
W_L_1216;;;;;;;;;;;;;;x
W_L_1217;;;;;;;;;;;;;;x
W_L_1218;;;;;;;;;;;;;;x
W_L_1219;;;;;;;;;;;;;;x
W_L_1220;;;;;;;;;;;;;;x
W_L_1221;;;;;;;;;;;;;;x
W_L_1222;;;;;;;;;;;;;;x
W_L_1223;;;;;;;;;;;;;;x
W_L_1224;;;;;;;;;;;;;;x
W_L_1225;;;;;;;;;;;;;;x
W_L_1226;;;;;;;;;;;;;;x
W_L_1227;;;;;;;;;;;;;;x
W_L_1228;;;;;;;;;;;;;;x
W_L_1229;;;;;;;;;;;;;;x
W_L_1230;;;;;;;;;;;;;;x
W_L_1231;;;;;;;;;;;;;;x
W_L_1232;;;;;;;;;;;;;;x
W_L_1233;;;;;;;;;;;;;;x
W_L_1234;;;;;;;;;;;;;;x
W_L_1235;;;;;;;;;;;;;;x
W_L_1236;;;;;;;;;;;;;;x
W_L_1237;;;;;;;;;;;;;;x
W_L_1238;;;;;;;;;;;;;;x
W_L_1239;;;;;;;;;;;;;;x
W_L_1240;;;;;;;;;;;;;;x
W_L_1241;;;;;;;;;;;;;;x
W_L_1242;;;;;;;;;;;;;;x
W_L_1243;;;;;;;;;;;;;;x
W_L_1244;;;;;;;;;;;;;;x
W_L_1245;;;;;;;;;;;;;;x
W_L_1246;;;;;;;;;;;;;;x
W_L_1247;;;;;;;;;;;;;;x
W_L_1248;;;;;;;;;;;;;;x
W_L_1249;;;;;;;;;;;;;;x
W_L_1250;;;;;;;;;;;;;;x
W_L_1251;;;;;;;;;;;;;;x
W_L_1252;;;;;;;;;;;;;;x
W_L_1253;;;;;;;;;;;;;;x
W_L_1254;;;;;;;;;;;;;;x
W_L_1255;;;;;;;;;;;;;;x
W_L_1256;;;;;;;;;;;;;;x
W_L_1257;;;;;;;;;;;;;;x
W_L_1258;;;;;;;;;;;;;;x
W_L_1259;;;;;;;;;;;;;;x
W_L_1260;;;;;;;;;;;;;;x
W_L_1261;;;;;;;;;;;;;;x
W_L_1262;;;;;;;;;;;;;;x
W_L_1263;;;;;;;;;;;;;;x
W_L_1264;;;;;;;;;;;;;;x
W_L_1265;;;;;;;;;;;;;;x
W_L_1266;;;;;;;;;;;;;;x
W_L_1267;;;;;;;;;;;;;;x
W_L_1268;;;;;;;;;;;;;;x
W_L_1269;;;;;;;;;;;;;;x
W_L_1270;;;;;;;;;;;;;;x
W_L_1271;;;;;;;;;;;;;;x
W_L_1272;;;;;;;;;;;;;;x
W_L_1273;;;;;;;;;;;;;;x
W_L_1274;;;;;;;;;;;;;;x
W_L_1275;;;;;;;;;;;;;;x
W_L_1276;;;;;;;;;;;;;;x
W_L_1277;;;;;;;;;;;;;;x
W_L_1278;;;;;;;;;;;;;;x
W_L_1279;;;;;;;;;;;;;;x
W_L_1280;;;;;;;;;;;;;;x
W_L_1281;;;;;;;;;;;;;;x
W_L_1282;;;;;;;;;;;;;;x
W_L_1283;;;;;;;;;;;;;;x
W_L_1284;;;;;;;;;;;;;;x
W_L_1285;;;;;;;;;;;;;;x
W_L_1286;;;;;;;;;;;;;;x
W_L_1287;;;;;;;;;;;;;;x
W_L_1288;;;;;;;;;;;;;;x
W_L_1289;;;;;;;;;;;;;;x
W_L_1290;;;;;;;;;;;;;;x
W_L_1291;;;;;;;;;;;;;;x
W_L_1292;;;;;;;;;;;;;;x
W_L_1293;;;;;;;;;;;;;;x
W_L_1294;;;;;;;;;;;;;;x
W_L_1295;;;;;;;;;;;;;;x
W_L_1296;;;;;;;;;;;;;;x
W_L_1297;;;;;;;;;;;;;;x
W_L_1298;;;;;;;;;;;;;;x
W_L_1299;;;;;;;;;;;;;;x
W_L_1300;;;;;;;;;;;;;;x
W_L_1301;;;;;;;;;;;;;;x
W_L_1302;;;;;;;;;;;;;;x
W_L_1303;;;;;;;;;;;;;;x
W_L_1304;;;;;;;;;;;;;;x
W_L_1305;;;;;;;;;;;;;;x
W_L_1306;;;;;;;;;;;;;;x
W_L_1307;;;;;;;;;;;;;;x
W_L_1308;;;;;;;;;;;;;;x
W_L_1309;;;;;;;;;;;;;;x
W_L_1310;;;;;;;;;;;;;;x
W_L_1311;;;;;;;;;;;;;;x
W_L_1312;;;;;;;;;;;;;;x
W_L_1313;;;;;;;;;;;;;;x
W_L_1314;;;;;;;;;;;;;;x
W_L_1315;;;;;;;;;;;;;;x
W_L_1316;;;;;;;;;;;;;;x
W_L_1317;;;;;;;;;;;;;;x
W_L_1318;;;;;;;;;;;;;;x
W_L_1319;;;;;;;;;;;;;;x
W_L_1320;;;;;;;;;;;;;;x
W_L_1321;;;;;;;;;;;;;;x
W_L_1322;;;;;;;;;;;;;;x
W_L_1323;;;;;;;;;;;;;;x
W_L_1324;;;;;;;;;;;;;;x
W_L_1325;;;;;;;;;;;;;;x
W_L_1326;;;;;;;;;;;;;;x
W_L_1327;;;;;;;;;;;;;;x
W_L_1328;;;;;;;;;;;;;;x
W_L_1329;;;;;;;;;;;;;;x
W_L_1330;;;;;;;;;;;;;;x
W_L_1331;;;;;;;;;;;;;;x
W_L_1332;;;;;;;;;;;;;;x
W_L_1333;;;;;;;;;;;;;;x
W_L_1334;;;;;;;;;;;;;;x
W_L_1335;;;;;;;;;;;;;;x
W_L_1336;;;;;;;;;;;;;;x
W_L_1337;;;;;;;;;;;;;;x
W_L_1338;;;;;;;;;;;;;;x
W_L_1339;;;;;;;;;;;;;;x
W_L_1340;;;;;;;;;;;;;;x
W_L_1341;;;;;;;;;;;;;;x
W_L_1342;;;;;;;;;;;;;;x
W_L_1343;;;;;;;;;;;;;;x
W_L_1344;;;;;;;;;;;;;;x
W_L_1345;;;;;;;;;;;;;;x
W_L_1346;;;;;;;;;;;;;;x
W_L_1347;;;;;;;;;;;;;;x
W_L_1348;;;;;;;;;;;;;;x
W_L_1349;;;;;;;;;;;;;;x
W_L_1350;;;;;;;;;;;;;;x
W_L_1351;;;;;;;;;;;;;;x
W_L_1352;;;;;;;;;;;;;;x
W_L_1353;;;;;;;;;;;;;;x
W_L_1354;;;;;;;;;;;;;;x
W_L_1355;;;;;;;;;;;;;;x
W_L_1356;;;;;;;;;;;;;;x
W_L_1357;;;;;;;;;;;;;;x
W_L_1358;;;;;;;;;;;;;;x
W_L_1359;;;;;;;;;;;;;;x
W_L_1360;;;;;;;;;;;;;;x
W_L_1361;;;;;;;;;;;;;;x
W_L_1362;;;;;;;;;;;;;;x
W_L_1363;;;;;;;;;;;;;;x
W_L_1364;;;;;;;;;;;;;;x
W_L_1365;;;;;;;;;;;;;;x
W_L_1366;;;;;;;;;;;;;;x
W_L_1367;;;;;;;;;;;;;;x
W_L_1368;;;;;;;;;;;;;;x
W_L_1369;;;;;;;;;;;;;;x
W_L_1370;;;;;;;;;;;;;;x
W_L_1371;;;;;;;;;;;;;;x
W_L_1372;;;;;;;;;;;;;;x
W_L_1373;;;;;;;;;;;;;;x
W_L_1374;;;;;;;;;;;;;;x
W_L_1375;;;;;;;;;;;;;;x
W_L_1376;;;;;;;;;;;;;;x
W_L_1377;;;;;;;;;;;;;;x
W_L_1378;;;;;;;;;;;;;;x
W_L_1379;;;;;;;;;;;;;;x
W_L_1380;;;;;;;;;;;;;;x
W_L_1381;;;;;;;;;;;;;;x
W_L_1382;;;;;;;;;;;;;;x
W_L_1383;;;;;;;;;;;;;;x
W_L_1384;;;;;;;;;;;;;;x
W_L_1385;;;;;;;;;;;;;;x
W_L_1386;;;;;;;;;;;;;;x
W_L_1387;;;;;;;;;;;;;;x
W_L_1388;;;;;;;;;;;;;;x
W_L_1389;;;;;;;;;;;;;;x
W_L_1390;;;;;;;;;;;;;;x
W_L_1391;;;;;;;;;;;;;;x
W_L_1392;;;;;;;;;;;;;;x
W_L_1393;;;;;;;;;;;;;;x
W_L_1394;;;;;;;;;;;;;;x
W_L_1395;;;;;;;;;;;;;;x
W_L_1396;;;;;;;;;;;;;;x
W_L_1397;;;;;;;;;;;;;;x
W_L_1398;;;;;;;;;;;;;;x
W_L_1399;;;;;;;;;;;;;;x